LoginID,FirstName,LastName,HireDate,Department,Calls
J4FQ9,Jamal,Whitaker,2019-03-14,Unlicensed,12
S8LZ2,Sofia,Delgado,2021-07-22,Licensed,33
B1KRM,Bao,Tran,2018-11-05,Lab,41
M9TQ4,Megan,O'Rourke,2020-02-19,Unlicensed,27
C2VNA,Carlos,Jimenez,2023-01-09,Unlicensed,19
A7QK3,Amina,Hassan,2017-06-30,Licensed,44
J5WZ1,Jalen,Brooks,2016-09-12,Unlicensed,16
K3NXP,Keiko,Sato,2022-04-03,Unlicensed,38
D9HQL,Dakota,Redfeather,2015-12-18,Lab,47
A4ZP8,Alana,Greene,2020-10-27,Unlicensed,14
M2QF7,Mateo,Alvarez,2018-05-21,Licensed,29
J8RKM,Jasmine,Patel,2023-03-11,Unlicensed,23
R1XQ4,Rashad,Coleman,2019-08-02,Unlicensed,31
K7MZ9,Kaitlyn,McConnell,2017-01-25,Unlicensed,20
J3VTA,Ji-hoon,Park,2021-09-14,Lab,48
O6QW2,Olivia,Steinberg,2020-04-09,Licensed,28
E5LZ7,Elijah,Robinson,2016-07-19,Unlicensed,11
E9QK5,Esmeralda,Castillo,2018-02-28,Unlicensed,36
L4WQ8,Linh,Nguyen,2022-06-07,Licensed,22
M6ZP1,Malik,Jefferson,2019-10-12,Unlicensed,45
B2KQ9,Brianna,Washington,2015-03-03,Lab,18
H7PLX,Hassan,Al-Masri,2021-12-01,Licensed,34
T3QW4,Talia,Martinez,2017-08-15,Unlicensed,28
K9XQ2,Kai,Nakamura,2023-05-20,Unlicensed,41
N5RZ8,Naomi,Cohen,2020-11-09,Licensed,17
M8QK3,Miguel,Santos,2018-04-14,Unlicensed,26
A1ZQ7,Aaliyah,Carter,2019-01-22,Lab,49
S4WQ9,Samuel,Ortiz,2016-10-05,Licensed,21
L6QF1,Logan,McBride,2022-02-17,Unlicensed,13
H9ZP4,Harmony,Lewis,2020-07-29,Unlicensed,38
G2QK8,Gabriela,Ruiz,2017-11-11,Licensed,32
A7WQ3,Andres,Rivera,2021-06-04,Unlicensed,24
J5QZ9,Jae,Kim,2018-09-23,Lab,46
E3KQ1,Evelyn,Thompson,2023-04-12,Licensed,15
C9ZP7,Chance,Walker,2019-02-08,Unlicensed,30
L4QW6,Lila,Anderson,2016-05-26,Unlicensed,43
H1XQ3,Hassan,Suleiman,2020-12-14,Licensed,20
Z7QF8,Zoe,Harper,2017-03-18,Unlicensed,35
J2WZ4,Jordan,Ellis,2022-08-09,Unlicensed,40
A8QK9,Ariana,Flores,2018-01-31,Licensed,22
L5ZQ2,Levi,Armstrong,2015-07-07,Unlicensed,10
B3QW8,Brielle,Simmons,2021-11-28,Lab,48
E9KQ4,Emilio,Chavez,2019-09-16,Licensed,29
A6WZ1,Ayana,Brooks,2023-02-03,Unlicensed,14
G4QK7,Giovanni,Romano,2017-12-22,Unlicensed,37
C1ZP5,Chloe,Bennett,2020-03-10,Licensed,33
J7QW9,Jamari,Fields,2016-08-01,Unlicensed,18
M3KQ2,Maya,Hassan,2022-05-14,Lab,41
L8ZQ4,Luis,Morales,2018-06-27,Licensed,25
E2WQ7,Eden,Brooks,2021-04-19,Unlicensed,12
S9QK3,Sergio,Delgado,2019-10-30,Unlicensed,44
V4ZP1,Vanessa,King,2017-02-13,Licensed,19
I6QW8,Isaiah,Carter,2023-07-21,Unlicensed,31
N3KQ5,Nia,Freeman,2020-09-02,Unlicensed,28
J1ZQ9,Joaquin,Reyes,2016-11-17,Licensed,16
R8WQ2,Rhea,Patel,2022-01-06,Unlicensed,39
E5QK7,Elise,Laurent,2018-03-25,Lab,47
O9ZP3,Omar,Hassan,2015-04-14,Licensed,23
L2QW6,Leilani,Young,2021-08-11,Unlicensed,34
H7KQ1,Hunter,McCoy,2019-12-05,Unlicensed,42
C4ZP8,Carmen,Castillo,2017-06-09,Licensed,21
E1QW9,Elias,Yazzie,2023-03-29,Unlicensed,27
P6KQ4,Priya,Shah,2020-01-18,Lab,45
J9ZP2,Jamison,Clark,2018-10-07,Licensed,30
L3QW5,Liana,Brooks,2016-12-28,Unlicensed,11
A8KQ7,Amir,Rahman,2022-07-15,Unlicensed,36
B1ZP4,Bianca,Torres,2019-05-03,Licensed,26
E7QW3,Elena,Morales,2017-09-20,Unlicensed,17
C5KQ9,Cyrus,Yazdi,2021-02-24,Lab,49
G8ZP6,Giselle,Navarro,2020-08-16,Licensed,22
M4QW1,Malik,Johnson,2018-12-11,Unlicensed,15
H2KQ8,Hana,Okafor,2023-06-02,Unlicensed,38
